epoch,time,train/box_loss,train/seg_loss,train/cls_loss,train/dfl_loss,train/sem_loss,metrics/precision(B),metrics/recall(B),metrics/mAP50(B),metrics/mAP50-95(B),metrics/precision(M),metrics/recall(M),metrics/mAP50(M),metrics/mAP50-95(M),val/box_loss,val/seg_loss,val/cls_loss,val/dfl_loss,val/sem_loss,lr/pg0,lr/pg1,lr/pg2
1,75.4483,2.36181,3.61027,6.3534,0.02091,7.82496,0.00248,0.25248,0.01614,0.01187,0.00248,0.25867,0.01718,0.00991,2.04282,2.80262,8.58516,0.02703,0,3.334e-05,3.334e-05,3.334e-05
2,130.103,2.44285,3.31545,7.07623,0.02584,7.61432,0.00248,0.32498,0.02129,0.01583,0.00259,0.33053,0.02198,0.01284,1.76032,2.42923,8.15855,0.02228,0,8.25248e-05,8.25248e-05,8.25248e-05
3,171.907,2.08611,2.65885,6.27125,0.01727,7.34828,0.00285,0.38225,0.03118,0.01811,0.00372,0.48373,0.02795,0.01578,1.82429,2.30752,8.0453,0.02106,0,0.000130719,0.000130719,0.000130719
4,212.617,1.70943,2.17987,6.22355,0.01442,7.14463,0.00306,0.41031,0.03788,0.02101,0.00465,0.58409,0.03604,0.01864,2.21957,2.34408,8.37661,0.02754,0,0.000177924,0.000177924,0.000177924
5,253.213,1.61121,2.19894,5.82156,0.01216,6.5676,0.00435,0.50539,0.05251,0.02769,0.00563,0.60025,0.04912,0.02719,2.0888,2.35275,8.2564,0.02697,0,0.000224138,0.000224138,0.000224138
6,292.651,1.3685,1.88721,5.47771,0.01004,6.06625,0.00464,0.56863,0.06707,0.03795,0.00557,0.66591,0.06013,0.03055,1.92604,2.21066,7.97807,0.02335,0,0.000269362,0.000269362,0.000269362
7,332.512,1.41825,2.05781,5.36054,0.01054,5.48993,0.00503,0.62368,0.08379,0.04642,0.006,0.71213,0.07524,0.03014,1.92425,1.99734,8.02273,0.02342,0,0.000313596,0.000313596,0.000313596
8,373.186,1.51085,2.05538,4.97755,0.01081,5.06234,0.00573,0.69376,0.1037,0.05509,0.00626,0.73578,0.11048,0.04088,1.92127,1.97418,8.01554,0.02365,0,0.00035684,0.00035684,0.00035684
9,413.666,1.61888,2.04329,5.1321,0.01221,4.5763,0.00634,0.67033,0.11275,0.05829,0.0072,0.74219,0.12909,0.05208,1.58496,1.94892,7.62875,0.01869,0,0.000399093,0.000399093,0.000399093
10,453.802,1.3857,1.75463,5.03375,0.0113,4.17788,0.00797,0.6595,0.10849,0.05276,0.00877,0.72738,0.11386,0.05125,1.73076,1.95135,7.64201,0.01878,0,0.000440356,0.000440356,0.000440356
11,493.644,1.43093,1.77083,4.61426,0.0108,3.67322,0.00939,0.70217,0.14455,0.07797,0.01039,0.76783,0.1404,0.07243,1.42132,1.8222,7.31195,0.01477,0,0.000480629,0.000480629,0.000480629
12,532.812,1.346,2.1377,4.76738,0.00981,3.41974,0.01048,0.69597,0.15305,0.07033,0.01134,0.74041,0.14665,0.06654,1.67523,1.75006,7.58151,0.01782,0,0.000519912,0.000519912,0.000519912
13,572.504,1.39217,1.6328,4.45995,0.01026,3.09046,0.01012,0.68094,0.16023,0.08052,0.01109,0.76384,0.20864,0.09016,1.52388,1.77556,7.39792,0.01671,0,0.000558205,0.000558205,0.000558205
14,611.848,1.39378,2.04323,4.49566,0.01056,2.94676,0.01152,0.67033,0.17197,0.07814,0.01238,0.72339,0.18078,0.07701,1.64724,1.84014,7.40147,0.01749,0,0.000595507,0.000595507,0.000595507
15,651.718,1.47912,1.79327,4.3629,0.01078,2.7649,0.01119,0.68337,0.16875,0.08627,0.01164,0.69597,0.17975,0.08552,1.46436,1.96237,7.0808,0.01621,0,0.00063182,0.00063182,0.00063182
16,690.86,1.41251,1.64904,4.232,0.01088,2.47307,0.0124,0.69818,0.19001,0.09645,0.01345,0.74262,0.19566,0.09042,1.3447,1.83565,6.93973,0.01457,0,0.000667142,0.000667142,0.000667142
17,730.211,1.53553,2.00224,4.03277,0.01198,2.20911,0.01347,0.73002,0.21918,0.12143,0.01458,0.78087,0.20914,0.1047,1.27407,1.72334,6.87496,0.01403,0,0.000701474,0.000701474,0.000701474
18,769.922,1.35036,1.67554,3.62897,0.00997,1.91906,0.0147,0.77025,0.21486,0.12128,0.0155,0.77203,0.1977,0.09817,1.29082,1.70873,6.7515,0.01414,0,0.000734815,0.000734815,0.000734815
19,812.083,1.37518,1.82378,3.68035,0.00978,1.87359,0.01421,0.76584,0.22787,0.12617,0.01452,0.76783,0.21,0.107,1.27693,1.73648,6.68365,0.01351,0,0.000767167,0.000767167,0.000767167
20,851.203,1.48088,1.80421,3.86879,0.01162,1.88477,0.01493,0.77004,0.23922,0.12148,0.01532,0.79126,0.24621,0.12834,1.28148,1.70924,6.52554,0.01432,0,0.000798528,0.000798528,0.000798528
21,890.055,1.31756,1.50872,3.63518,0.00936,1.63272,0.01521,0.79105,0.26716,0.14142,0.01542,0.80807,0.27978,0.14249,1.26636,1.69515,6.40041,0.01451,0,0.000828899,0.000828899,0.000828899
22,929.91,1.39623,1.71069,3.98531,0.01131,1.84754,0.0155,0.81426,0.32521,0.17963,0.01589,0.8419,0.32179,0.15302,1.30532,1.84653,6.2406,0.01374,0,0.00085828,0.00085828,0.00085828
23,969.039,1.45439,1.82298,3.36602,0.01093,1.60847,0.01623,0.82267,0.32538,0.17566,0.01658,0.83748,0.33488,0.15774,1.32706,1.92094,6.23105,0.01463,0,0.000886671,0.000886671,0.000886671
24,1008.23,1.43897,1.55868,3.60953,0.0121,1.54952,0.01661,0.83727,0.3661,0.17844,0.01668,0.8565,0.37565,0.17612,1.31619,2.03302,6.10002,0.01344,0,0.000914071,0.000914071,0.000914071
25,1046.99,1.47156,1.85397,3.42118,0.01051,1.52499,0.18465,0.72958,0.39529,0.1959,0.2276,0.67674,0.37099,0.1755,1.37221,2.12159,6.0328,0.01476,0,0.000940481,0.000940481,0.000940481
26,1085.77,1.44654,1.85936,3.29135,0.01119,1.53352,0.34111,0.44632,0.40068,0.20624,0.35369,0.40859,0.39341,0.1963,1.22964,1.7644,5.75507,0.014,0,0.000965901,0.000965901,0.000965901
27,1126.35,1.39001,1.58584,3.2781,0.01051,1.54437,0.86358,0.07732,0.39456,0.2053,0.84086,0.07312,0.38869,0.19529,1.27958,1.7418,5.67364,0.01399,0,0.000990331,0.000990331,0.000990331
28,1166.81,1.43009,1.84497,3.28043,0.01067,1.47838,0.80201,0.11312,0.33773,0.1807,0.7833,0.1041,0.34289,0.18006,1.3562,1.7919,5.64838,0.0166,0,0.00101377,0.00101377,0.00101377
29,1205.66,1.48261,1.58413,3.00532,0.0091,1.39406,0.65968,0.1773,0.35373,0.19167,0.65968,0.1773,0.35514,0.18784,1.37193,1.75011,5.57637,0.0173,0,0.00103622,0.00103622,0.00103622
30,1245.15,1.45998,1.85738,3.32313,0.01068,1.60976,0.56839,0.21978,0.35456,0.19526,0.56839,0.21978,0.3544,0.17879,1.29779,1.71875,5.29584,0.01482,0,0.00105768,0.00105768,0.00105768
31,1284.63,1.39683,1.76538,2.89159,0.01025,1.11194,0.52404,0.20655,0.36156,0.18653,0.55165,0.21716,0.36972,0.18129,1.30847,1.7183,5.2453,0.01445,0,0.00107815,0.00107815,0.00107815
32,1323.32,1.4054,1.53557,3.22566,0.01176,1.1898,0.51606,0.38445,0.42558,0.21828,0.53483,0.38446,0.43603,0.21464,1.41517,1.70935,5.05283,0.01653,0,0.00109763,0.00109763,0.00109763
33,1362.02,1.42564,1.6835,3.06812,0.00944,1.42116,0.51056,0.3568,0.39815,0.21038,0.53475,0.3694,0.41698,0.19966,1.47125,1.63722,5.02673,0.01741,0,0.00111612,0.00111612,0.00111612
34,1401.32,1.36832,1.52302,2.91844,0.01075,1.1507,0.49373,0.34136,0.41812,0.21518,0.49373,0.34136,0.41638,0.21246,1.43798,1.61841,4.73748,0.01788,0,0.00112239,0.00112239,0.00112239
35,1440.67,1.39367,1.72017,2.84046,0.01172,1.08442,0.51643,0.40061,0.45166,0.24806,0.51891,0.40282,0.45326,0.23276,1.33489,1.55458,4.48417,0.01522,0,0.00110589,0.00110589,0.00110589
36,1482.37,1.36022,1.66655,2.78967,0.00934,1.16303,0.44958,0.40816,0.40908,0.19699,0.46504,0.44167,0.41904,0.17102,1.52632,1.91149,4.35944,0.01846,0,0.00108938,0.00108938,0.00108938
37,1523.43,1.47198,1.59708,2.82374,0.01133,1.1104,0.42997,0.40406,0.40429,0.18349,0.4566,0.42447,0.42946,0.17162,1.53799,1.84363,4.30354,0.0186,0,0.00107288,0.00107288,0.00107288
38,1564.82,1.49857,1.62856,2.87932,0.01236,0.93996,0.48727,0.37575,0.45381,0.22495,0.47787,0.3573,0.44915,0.21549,1.50067,1.67632,4.12856,0.01687,0,0.00105638,0.00105638,0.00105638
39,1604.24,1.41054,1.58856,2.6464,0.01038,0.87108,0.51128,0.35176,0.4614,0.24093,0.48772,0.35128,0.45138,0.21782,1.46404,1.70235,4.03965,0.01595,0,0.00103987,0.00103987,0.00103987
40,1642.95,1.38332,1.72076,2.61209,0.00992,0.94966,0.45872,0.36899,0.45578,0.22928,0.4777,0.38381,0.44396,0.21559,1.41108,1.5244,4.03821,0.01669,0,0.00102337,0.00102337,0.00102337
41,1682.01,1.3961,1.62596,2.6589,0.01041,0.94722,0.45031,0.46502,0.44977,0.22489,0.44964,0.45197,0.46723,0.22834,1.36329,1.52864,3.9641,0.01669,0,0.00100687,0.00100687,0.00100687
42,1721.26,1.35604,1.46678,2.56635,0.0117,0.81636,0.41725,0.51787,0.46199,0.25103,0.43018,0.52864,0.47453,0.2383,1.41096,1.53365,3.66097,0.01673,0,0.000990365,0.000990365,0.000990365
43,1760.35,1.40264,1.55689,2.51136,0.01015,0.78115,0.40344,0.54918,0.47164,0.25966,0.43362,0.53857,0.47547,0.24165,1.39547,1.49065,3.5685,0.01632,0,0.000973861,0.000973861,0.000973861
44,1799.31,1.43588,1.56147,2.5799,0.01232,0.97943,0.45015,0.50539,0.50455,0.28154,0.47373,0.5244,0.50911,0.26406,1.4101,1.5026,3.36831,0.01681,0,0.000957358,0.000957358,0.000957358
45,1838.3,1.53238,1.72418,2.57207,0.01056,0.94778,0.47237,0.5056,0.51451,0.28118,0.50362,0.51401,0.53055,0.26661,1.479,1.47037,3.31268,0.018,0,0.000940855,0.000940855,0.000940855
46,1877.44,1.51321,1.42328,2.38003,0.01117,0.88197,0.52503,0.49136,0.5168,0.26916,0.53718,0.5244,0.54572,0.26406,1.53138,1.40973,3.33385,0.01932,0,0.000924352,0.000924352,0.000924352
47,1916.31,1.43032,1.63227,2.36106,0.01292,0.81367,0.49449,0.47732,0.50813,0.25511,0.49526,0.50017,0.50748,0.23979,1.48458,1.39468,3.25273,0.01891,0,0.000907848,0.000907848,0.000907848
48,1956.94,1.3999,1.62935,2.42552,0.01147,0.99235,0.50749,0.50014,0.50847,0.26408,0.49932,0.50189,0.51285,0.25585,1.38512,1.45877,3.20332,0.01661,0,0.000891345,0.000891345,0.000891345
49,1995.81,1.37864,1.7061,2.32199,0.00954,0.8814,0.49049,0.59298,0.55445,0.28833,0.48162,0.58037,0.54547,0.26954,1.40208,1.46147,3.13393,0.01618,0,0.000874842,0.000874842,0.000874842
50,2035.61,1.40303,1.41941,2.22348,0.00987,0.83351,0.48847,0.56157,0.55325,0.29596,0.50806,0.57757,0.57022,0.26534,1.43677,1.50497,3.03707,0.01798,0,0.000858338,0.000858338,0.000858338
51,2075.24,1.32219,1.57757,2.15276,0.01,0.76353,0.50147,0.636,0.56657,0.30111,0.54644,0.60073,0.56409,0.27247,1.38289,1.46586,2.96509,0.01746,0,0.000841835,0.000841835,0.000841835
52,2114.46,1.29502,1.57094,2.17429,0.00952,0.66966,0.521,0.59899,0.57674,0.30476,0.51335,0.61317,0.57909,0.29185,1.39352,1.43709,2.83689,0.01699,0,0.000825332,0.000825332,0.000825332
53,2152.73,1.40414,1.3992,2.20336,0.0106,0.71311,0.52176,0.59282,0.5633,0.30519,0.53746,0.61184,0.58665,0.29307,1.4136,1.41274,2.80462,0.01666,0,0.000808828,0.000808828,0.000808828
54,2194.81,1.44416,1.43706,2.25487,0.01145,0.7581,0.47943,0.49252,0.55082,0.32913,0.49181,0.47689,0.55772,0.29766,1.3386,1.39697,2.72335,0.01564,0,0.000792325,0.000792325,0.000792325
55,2236.88,1.45779,1.51492,2.14736,0.01085,0.76963,0.49833,0.48524,0.55788,0.33741,0.53484,0.49434,0.56982,0.3034,1.36313,1.39983,2.65824,0.01629,0,0.000775822,0.000775822,0.000775822
56,2276.78,1.36535,1.46835,2.14185,0.01112,0.77188,0.60256,0.5508,0.59634,0.35075,0.60858,0.53232,0.61134,0.32816,1.3908,1.30172,2.62643,0.01666,0,0.000759318,0.000759318,0.000759318
57,2316.63,1.37537,1.82093,2.06531,0.01082,0.78724,0.57182,0.57937,0.61178,0.3567,0.59032,0.5986,0.6302,0.33966,1.33658,1.25888,2.58761,0.01571,0,0.000742815,0.000742815,0.000742815
58,2356.63,1.34329,1.45796,1.98611,0.0096,0.83837,0.62778,0.56976,0.64624,0.37413,0.64218,0.57834,0.65845,0.37445,1.31458,1.24047,2.47616,0.01496,0,0.000726312,0.000726312,0.000726312
59,2394.95,1.26617,1.64087,1.98049,0.0089,0.66057,0.58728,0.65223,0.64919,0.37733,0.62453,0.65012,0.66526,0.37642,1.32076,1.25715,2.45175,0.01509,0,0.000709809,0.000709809,0.000709809
60,2433.99,1.37317,1.30769,1.96558,0.00997,0.75828,0.54423,0.68627,0.66129,0.37179,0.56479,0.70083,0.67868,0.37464,1.40283,1.25669,2.34041,0.01618,0,0.000693305,0.000693305,0.000693305
61,2473.71,1.41154,1.43768,1.99396,0.01175,0.73854,0.5829,0.64731,0.66708,0.37197,0.60872,0.66306,0.6735,0.38258,1.42327,1.2592,2.31177,0.01678,0,0.000676802,0.000676802,0.000676802
62,2512.94,1.40686,1.57044,2.09858,0.01107,0.78189,0.61478,0.66631,0.67798,0.39155,0.62842,0.68112,0.69032,0.39637,1.32246,1.24048,2.28516,0.01615,0,0.000660299,0.000660299,0.000660299
63,2551.67,1.37503,1.33542,1.88627,0.00998,0.70603,0.62372,0.67211,0.69388,0.41125,0.63115,0.67115,0.70061,0.40665,1.31198,1.22231,2.24908,0.01635,0,0.000643795,0.000643795,0.000643795
64,2591.39,1.23798,1.40301,1.8405,0.00881,0.73566,0.64144,0.61064,0.69182,0.4066,0.64317,0.61285,0.68738,0.40195,1.35371,1.22345,2.16809,0.01786,0,0.000627292,0.000627292,0.000627292
65,2630.34,1.35911,1.42123,1.97244,0.00977,0.78167,0.63195,0.60203,0.68908,0.41617,0.62979,0.60003,0.68276,0.40504,1.28706,1.22362,2.12007,0.01622,0,0.000610789,0.000610789,0.000610789
66,2669.52,1.32239,1.45099,1.86143,0.01012,0.64629,0.62437,0.66527,0.67873,0.4248,0.63219,0.64284,0.66997,0.39339,1.23333,1.24885,2.12163,0.01501,0,0.000594286,0.000594286,0.000594286
67,2709.75,1.27607,1.41621,1.77916,0.0095,0.71441,0.64266,0.64361,0.68658,0.43294,0.66831,0.61712,0.67284,0.39031,1.26086,1.27252,2.0685,0.01428,0,0.000577782,0.000577782,0.000577782
68,2749.07,1.20769,1.31417,1.79642,0.00883,0.70484,0.70515,0.60316,0.70886,0.45806,0.70098,0.59895,0.68926,0.39466,1.25329,1.28868,2.02666,0.01445,0,0.000561279,0.000561279,0.000561279
69,2789.02,1.27202,1.40181,1.72257,0.0095,0.60437,0.72159,0.61398,0.72057,0.46689,0.726,0.61819,0.70553,0.40006,1.25308,1.3098,2.00138,0.01489,0,0.000544776,0.000544776,0.000544776
70,2829.08,1.29555,1.5422,1.78913,0.01019,0.59804,0.64805,0.66327,0.71848,0.45782,0.64623,0.669,0.69458,0.40258,1.26689,1.32215,1.97221,0.01525,0,0.000528272,0.000528272,0.000528272
71,2870.62,1.29455,1.36837,1.81945,0.00982,0.60994,0.63896,0.67163,0.71083,0.43803,0.62891,0.66101,0.68313,0.39414,1.30248,1.30682,1.97721,0.01498,0,0.000511769,0.000511769,0.000511769
72,2910.84,1.19799,1.40155,1.72382,0.00822,0.69657,0.70056,0.65907,0.73093,0.44895,0.70344,0.64426,0.6988,0.40737,1.3533,1.28689,1.91631,0.01577,0,0.000495266,0.000495266,0.000495266
73,2950.95,1.26545,1.53905,1.80241,0.01021,0.63639,0.73833,0.65288,0.74348,0.46595,0.71768,0.62507,0.71151,0.42273,1.2867,1.28734,1.93019,0.01539,0,0.000478762,0.000478762,0.000478762
74,2991.13,1.2596,1.36556,1.80224,0.00905,0.72181,0.69399,0.67855,0.75048,0.5097,0.67079,0.65088,0.72253,0.44204,1.22651,1.27213,1.78988,0.01442,0,0.000462259,0.000462259,0.000462259
75,3034.93,1.29417,1.42302,1.65787,0.00839,0.72506,0.68826,0.6887,0.74976,0.50415,0.65457,0.66128,0.72289,0.44205,1.21359,1.27513,1.81352,0.0138,0,0.000445756,0.000445756,0.000445756
76,3075.59,1.2534,1.32606,1.77205,0.00969,0.67936,0.7133,0.67388,0.7691,0.5083,0.70595,0.66548,0.75646,0.44452,1.25689,1.2484,1.74127,0.01418,0,0.000429253,0.000429253,0.000429253
77,3114.54,1.17394,1.31735,1.57423,0.01012,0.59926,0.74113,0.66509,0.77399,0.52149,0.72151,0.66968,0.76586,0.44764,1.22429,1.23539,1.70581,0.01385,0,0.000412749,0.000412749,0.000412749
78,3153.82,1.2058,1.30227,1.69624,0.00877,0.61236,0.70013,0.64507,0.78021,0.52973,0.72148,0.64604,0.7666,0.46267,1.19577,1.23112,1.6191,0.01327,0,0.000396246,0.000396246,0.000396246
79,3191.99,1.22554,1.38066,1.70524,0.00887,0.57069,0.73846,0.63985,0.77631,0.52584,0.74337,0.64405,0.76519,0.46387,1.20191,1.20689,1.61577,0.01329,0,0.000379743,0.000379743,0.000379743
80,3231.17,1.2168,1.50165,1.65615,0.00934,0.61521,0.69133,0.70123,0.77846,0.53113,0.70214,0.70296,0.76247,0.46037,1.19761,1.20962,1.64243,0.01335,0,0.000363239,0.000363239,0.000363239
81,3270.06,1.12114,1.42524,1.58255,0.00815,0.62506,0.70271,0.70814,0.78017,0.53854,0.71859,0.70346,0.76276,0.45684,1.16492,1.2009,1.64266,0.01319,0,0.000346736,0.000346736,0.000346736
82,3309.62,1.13588,1.23342,1.59197,0.00989,0.55452,0.7273,0.70836,0.78444,0.55623,0.72801,0.71477,0.76914,0.47242,1.09786,1.21503,1.59702,0.01255,0,0.000330233,0.000330233,0.000330233
83,3347.73,1.23014,1.54643,1.69462,0.00893,0.58819,0.70853,0.7533,0.78363,0.55602,0.70777,0.758,0.7702,0.47667,1.07052,1.20692,1.60785,0.01245,0,0.000313729,0.000313729,0.000313729
84,3385.24,1.16374,1.25674,1.63482,0.00948,0.61337,0.70866,0.74743,0.77228,0.55281,0.69251,0.7528,0.76135,0.47281,1.05609,1.20588,1.58817,0.01263,0,0.000297226,0.000297226,0.000297226
85,3422.87,1.21829,1.17439,1.63459,0.00928,0.57873,0.67307,0.73292,0.76384,0.54816,0.6703,0.73982,0.75333,0.46926,1.04318,1.21023,1.60179,0.01261,0,0.000280723,0.000280723,0.000280723
86,3460.59,1.15536,1.45273,1.56578,0.00799,0.56692,0.65013,0.73126,0.76169,0.54974,0.64943,0.73234,0.74725,0.46731,1.04595,1.20922,1.60133,0.01231,0,0.00026422,0.00026422,0.00026422
87,3498.39,1.10716,1.26684,1.45272,0.00779,0.46023,0.63991,0.74559,0.76663,0.55286,0.64702,0.7356,0.75251,0.46651,1.0525,1.19824,1.59622,0.01228,0,0.000247716,0.000247716,0.000247716
88,3536.08,1.13516,1.29598,1.42722,0.00801,0.51631,0.64705,0.78065,0.77138,0.55776,0.64705,0.78065,0.75566,0.47339,1.03743,1.18677,1.59141,0.01217,0,0.000231213,0.000231213,0.000231213
89,3574.19,1.10768,1.19923,1.49002,0.0086,0.53713,0.64815,0.77645,0.7793,0.56342,0.65013,0.77645,0.7652,0.48811,1.03685,1.17764,1.56683,0.01201,0,0.00021471,0.00021471,0.00021471
90,3612.68,1.12003,1.35537,1.45811,0.00767,0.54,0.67286,0.752,0.79202,0.58259,0.68187,0.76562,0.7838,0.50073,1.00632,1.1646,1.52986,0.0116,0,0.000198206,0.000198206,0.000198206
91,3649.63,1.15032,1.20724,1.86023,0.01417,0.47936,0.69475,0.7214,0.79626,0.58057,0.68803,0.74435,0.78818,0.50128,0.99954,1.15678,1.51033,0.01133,0,0.000181703,0.000181703,0.000181703
92,3686.45,1.09236,1.08978,1.65284,0.01347,0.43769,0.71607,0.67251,0.79204,0.56395,0.67241,0.75921,0.78117,0.50029,1.03234,1.14192,1.49134,0.01186,0,0.0001652,0.0001652,0.0001652
93,3723.08,1.15485,1.121,1.64118,0.01447,0.45488,0.68843,0.71876,0.78993,0.55828,0.69408,0.72517,0.78056,0.50075,1.05166,1.13122,1.49275,0.01246,0,0.000148696,0.000148696,0.000148696
94,3759.45,1.03018,1.0098,1.6426,0.01267,0.40279,0.67574,0.76026,0.79151,0.55091,0.68571,0.76926,0.78319,0.50557,1.09569,1.12117,1.48998,0.01382,0,0.000132193,0.000132193,0.000132193
95,3796.02,1.12272,1.14602,1.63611,0.01425,0.4916,0.68714,0.73777,0.78771,0.54539,0.70674,0.759,0.78781,0.51025,1.11074,1.10796,1.49396,0.01414,0,0.00011569,0.00011569,0.00011569
96,3833.05,1.08731,1.06496,1.55676,0.01341,0.4129,0.72987,0.72914,0.79326,0.55534,0.73735,0.74494,0.79228,0.51618,1.09674,1.10446,1.48283,0.01384,0,9.91865e-05,9.91865e-05,9.91865e-05
97,3869.26,1.08601,1.11815,1.58602,0.0125,0.41502,0.7403,0.70872,0.79453,0.55848,0.72153,0.74197,0.79387,0.51792,1.083,1.10366,1.47793,0.01347,0,8.26832e-05,8.26832e-05,8.26832e-05
98,3906.03,1.13859,1.05806,1.67395,0.01421,0.43669,0.7166,0.73357,0.79736,0.57022,0.71872,0.75259,0.79656,0.5184,1.06044,1.10311,1.45576,0.01274,0,6.61799e-05,6.61799e-05,6.61799e-05
99,3942.62,1.09812,0.98879,1.56504,0.0139,0.39557,0.71908,0.73777,0.79965,0.579,0.72315,0.759,0.79841,0.5232,1.05112,1.10333,1.44403,0.01249,0,4.96766e-05,4.96766e-05,4.96766e-05
100,3979.37,1.05003,1.05535,1.54149,0.0123,0.38368,0.71352,0.74838,0.80159,0.58763,0.71815,0.759,0.79854,0.52406,1.02327,1.11119,1.43997,0.01203,0,3.31733e-05,3.31733e-05,3.31733e-05
