experiment,kind,members,threshold,eligible_events,recalled_events,event_recall,excluded_event_hits,detector_images,detector_image_hits,eligible_detector_image_hits,detector_image_hit_rate,wall_seconds,mean_inference_ms
baseline@512,single,baseline@512,0.01,104,101,0.9711538461538461,21,432,197,173,0.45601851851851855,10.583402100000058,16.380461342603464
baseline@512,single,baseline@512,0.05,104,100,0.9615384615384616,15,432,173,156,0.40046296296296297,10.583402100000058,16.380461342603464
baseline@512,single,baseline@512,0.1,104,96,0.9230769230769231,12,432,158,144,0.36574074074074076,10.583402100000058,16.380461342603464
baseline@512,single,baseline@512,0.14,104,94,0.9038461538461539,10,432,150,138,0.3472222222222222,10.583402100000058,16.380461342603464
baseline@512,single,baseline@512,0.2,104,88,0.8461538461538461,10,432,141,129,0.3263888888888889,10.583402100000058,16.380461342603464
baseline@512,single,baseline@512,0.25,104,87,0.8365384615384616,10,432,139,127,0.32175925925925924,10.583402100000058,16.380461342603464
baseline@512,single,baseline@512,0.3,104,85,0.8173076923076923,9,432,130,119,0.30092592592592593,10.583402100000058,16.380461342603464
baseline@512,single,baseline@512,0.36,104,81,0.7788461538461539,9,432,123,112,0.2847222222222222,10.583402100000058,16.380461342603464
baseline@512,single,baseline@512,0.4,104,76,0.7307692307692307,9,432,115,104,0.2662037037037037,10.583402100000058,16.380461342603464
baseline@512,single,baseline@512,0.5,104,73,0.7019230769230769,8,432,102,93,0.2361111111111111,10.583402100000058,16.380461342603464
baseline@512,single,baseline@512,0.6,104,63,0.6057692307692307,7,432,89,81,0.20601851851851852,10.583402100000058,16.380461342603464
baseline@640,single,baseline@640,0.01,104,103,0.9903846153846154,29,432,218,185,0.5046296296296297,13.593374899999617,23.706415972233792
baseline@640,single,baseline@640,0.05,104,98,0.9423076923076923,22,432,184,159,0.42592592592592593,13.593374899999617,23.706415972233792
baseline@640,single,baseline@640,0.1,104,96,0.9230769230769231,19,432,172,151,0.39814814814814814,13.593374899999617,23.706415972233792
baseline@640,single,baseline@640,0.14,104,94,0.9038461538461539,16,432,158,140,0.36574074074074076,13.593374899999617,23.706415972233792
baseline@640,single,baseline@640,0.2,104,91,0.875,13,432,146,131,0.33796296296296297,13.593374899999617,23.706415972233792
baseline@640,single,baseline@640,0.25,104,86,0.8269230769230769,11,432,135,122,0.3125,13.593374899999617,23.706415972233792
baseline@640,single,baseline@640,0.3,104,80,0.7692307692307693,9,432,126,115,0.2916666666666667,13.593374899999617,23.706415972233792
baseline@640,single,baseline@640,0.36,104,73,0.7019230769230769,9,432,113,102,0.26157407407407407,13.593374899999617,23.706415972233792
baseline@640,single,baseline@640,0.4,104,69,0.6634615384615384,8,432,105,96,0.24305555555555555,13.593374899999617,23.706415972233792
baseline@640,single,baseline@640,0.5,104,64,0.6153846153846154,7,432,91,84,0.21064814814814814,13.593374899999617,23.706415972233792
baseline@640,single,baseline@640,0.6,104,60,0.5769230769230769,5,432,81,76,0.1875,13.593374899999617,23.706415972233792
baseline@768,single,baseline@768,0.01,104,103,0.9903846153846154,32,432,235,195,0.5439814814814815,17.92384360000051,32.264473379587734
baseline@768,single,baseline@768,0.05,104,97,0.9326923076923077,25,432,198,170,0.4583333333333333,17.92384360000051,32.264473379587734
baseline@768,single,baseline@768,0.1,104,95,0.9134615384615384,19,432,174,152,0.4027777777777778,17.92384360000051,32.264473379587734
baseline@768,single,baseline@768,0.14,104,90,0.8653846153846154,17,432,160,141,0.37037037037037035,17.92384360000051,32.264473379587734
baseline@768,single,baseline@768,0.2,104,89,0.8557692307692307,15,432,150,134,0.3472222222222222,17.92384360000051,32.264473379587734
baseline@768,single,baseline@768,0.25,104,87,0.8365384615384616,13,432,140,126,0.32407407407407407,17.92384360000051,32.264473379587734
baseline@768,single,baseline@768,0.3,104,79,0.7596153846153846,13,432,126,112,0.2916666666666667,17.92384360000051,32.264473379587734
baseline@768,single,baseline@768,0.36,104,73,0.7019230769230769,12,432,113,100,0.26157407407407407,17.92384360000051,32.264473379587734
baseline@768,single,baseline@768,0.4,104,73,0.7019230769230769,12,432,110,97,0.25462962962962965,17.92384360000051,32.264473379587734
baseline@768,single,baseline@768,0.5,104,65,0.625,9,432,95,85,0.2199074074074074,17.92384360000051,32.264473379587734
baseline@768,single,baseline@768,0.6,104,58,0.5576923076923077,6,432,81,74,0.1875,17.92384360000051,32.264473379587734
attention@512,single,attention@512,0.01,104,101,0.9711538461538461,40,432,234,180,0.5416666666666666,13.216228900000715,23.343772916647325
attention@512,single,attention@512,0.05,104,95,0.9134615384615384,24,432,186,157,0.4305555555555556,13.216228900000715,23.343772916647325
attention@512,single,attention@512,0.1,104,95,0.9134615384615384,20,432,169,147,0.3912037037037037,13.216228900000715,23.343772916647325
attention@512,single,attention@512,0.14,104,91,0.875,19,432,156,135,0.3611111111111111,13.216228900000715,23.343772916647325
attention@512,single,attention@512,0.2,104,85,0.8173076923076923,13,432,135,120,0.3125,13.216228900000715,23.343772916647325
attention@512,single,attention@512,0.25,104,77,0.7403846153846154,12,432,119,105,0.27546296296296297,13.216228900000715,23.343772916647325
attention@512,single,attention@512,0.3,104,75,0.7211538461538461,12,432,115,101,0.2662037037037037,13.216228900000715,23.343772916647325
attention@512,single,attention@512,0.36,104,72,0.6923076923076923,9,432,106,96,0.24537037037037038,13.216228900000715,23.343772916647325
attention@512,single,attention@512,0.4,104,69,0.6634615384615384,9,432,101,91,0.2337962962962963,13.216228900000715,23.343772916647325
attention@512,single,attention@512,0.5,104,63,0.6057692307692307,7,432,88,81,0.2037037037037037,13.216228900000715,23.343772916647325
attention@512,single,attention@512,0.6,104,55,0.5288461538461539,4,432,73,69,0.16898148148148148,13.216228900000715,23.343772916647325
attention@640,single,attention@640,0.01,104,102,0.9807692307692307,35,432,240,189,0.5555555555555556,21.291833499999484,41.32436736109976
attention@640,single,attention@640,0.05,104,98,0.9423076923076923,26,432,184,155,0.42592592592592593,21.291833499999484,41.32436736109976
attention@640,single,attention@640,0.1,104,95,0.9134615384615384,21,432,164,142,0.37962962962962965,21.291833499999484,41.32436736109976
attention@640,single,attention@640,0.14,104,92,0.8846153846153846,18,432,149,131,0.3449074074074074,21.291833499999484,41.32436736109976
attention@640,single,attention@640,0.2,104,89,0.8557692307692307,13,432,135,122,0.3125,21.291833499999484,41.32436736109976
attention@640,single,attention@640,0.25,104,88,0.8461538461538461,11,432,128,117,0.2962962962962963,21.291833499999484,41.32436736109976
attention@640,single,attention@640,0.3,104,81,0.7788461538461539,9,432,114,105,0.2638888888888889,21.291833499999484,41.32436736109976
attention@640,single,attention@640,0.36,104,74,0.7115384615384616,7,432,104,97,0.24074074074074073,21.291833499999484,41.32436736109976
attention@640,single,attention@640,0.4,104,73,0.7019230769230769,6,432,99,93,0.22916666666666666,21.291833499999484,41.32436736109976
attention@640,single,attention@640,0.5,104,66,0.6346153846153846,6,432,87,81,0.2013888888888889,21.291833499999484,41.32436736109976
attention@640,single,attention@640,0.6,104,55,0.5288461538461539,6,432,71,65,0.16435185185185186,21.291833499999484,41.32436736109976
attention@768,single,attention@768,0.01,104,103,0.9903846153846154,46,432,259,193,0.5995370370370371,32.63927870000043,65.88836388890597
attention@768,single,attention@768,0.05,104,99,0.9519230769230769,33,432,206,170,0.47685185185185186,32.63927870000043,65.88836388890597
attention@768,single,attention@768,0.1,104,96,0.9230769230769231,27,432,184,155,0.42592592592592593,32.63927870000043,65.88836388890597
attention@768,single,attention@768,0.14,104,94,0.9038461538461539,21,432,169,146,0.3912037037037037,32.63927870000043,65.88836388890597
attention@768,single,attention@768,0.2,104,89,0.8557692307692307,16,432,150,132,0.3472222222222222,32.63927870000043,65.88836388890597
attention@768,single,attention@768,0.25,104,87,0.8365384615384616,14,432,140,125,0.32407407407407407,32.63927870000043,65.88836388890597
attention@768,single,attention@768,0.3,104,84,0.8076923076923077,11,432,130,119,0.30092592592592593,32.63927870000043,65.88836388890597
attention@768,single,attention@768,0.36,104,79,0.7596153846153846,10,432,117,107,0.2708333333333333,32.63927870000043,65.88836388890597
attention@768,single,attention@768,0.4,104,75,0.7211538461538461,9,432,107,98,0.24768518518518517,32.63927870000043,65.88836388890597
attention@768,single,attention@768,0.5,104,65,0.625,7,432,91,84,0.21064814814814814,32.63927870000043,65.88836388890597
attention@768,single,attention@768,0.6,104,56,0.5384615384615384,5,432,75,70,0.1736111111111111,32.63927870000043,65.88836388890597
baseline@multiscale,multiscale,baseline@512+baseline@640+baseline@768,0.01,104,104,1.0,37,432,255,207,0.5902777777777778,42.100620600000184,72.35135069442498
baseline@multiscale,multiscale,baseline@512+baseline@640+baseline@768,0.05,104,102,0.9807692307692307,29,432,217,183,0.5023148148148148,42.100620600000184,72.35135069442498
baseline@multiscale,multiscale,baseline@512+baseline@640+baseline@768,0.1,104,101,0.9711538461538461,25,432,202,173,0.4675925925925926,42.100620600000184,72.35135069442498
baseline@multiscale,multiscale,baseline@512+baseline@640+baseline@768,0.14,104,100,0.9615384615384616,22,432,190,166,0.4398148148148148,42.100620600000184,72.35135069442498
baseline@multiscale,multiscale,baseline@512+baseline@640+baseline@768,0.2,104,99,0.9519230769230769,21,432,178,155,0.41203703703703703,42.100620600000184,72.35135069442498
baseline@multiscale,multiscale,baseline@512+baseline@640+baseline@768,0.25,104,97,0.9326923076923077,17,432,170,151,0.39351851851851855,42.100620600000184,72.35135069442498
baseline@multiscale,multiscale,baseline@512+baseline@640+baseline@768,0.3,104,97,0.9326923076923077,16,432,165,147,0.3819444444444444,42.100620600000184,72.35135069442498
baseline@multiscale,multiscale,baseline@512+baseline@640+baseline@768,0.36,104,95,0.9134615384615384,15,432,157,140,0.36342592592592593,42.100620600000184,72.35135069442498
baseline@multiscale,multiscale,baseline@512+baseline@640+baseline@768,0.4,104,95,0.9134615384615384,14,432,153,137,0.3541666666666667,42.100620600000184,72.35135069442498
baseline@multiscale,multiscale,baseline@512+baseline@640+baseline@768,0.5,104,88,0.8461538461538461,11,432,136,123,0.3148148148148148,42.100620600000184,72.35135069442498
baseline@multiscale,multiscale,baseline@512+baseline@640+baseline@768,0.6,104,82,0.7884615384615384,8,432,123,113,0.2847222222222222,42.100620600000184,72.35135069442498
attention@multiscale,multiscale,attention@512+attention@640+attention@768,0.01,104,104,1.0,51,432,298,214,0.6898148148148148,67.14734110000063,130.55650416665307
attention@multiscale,multiscale,attention@512+attention@640+attention@768,0.05,104,101,0.9711538461538461,39,432,236,186,0.5462962962962963,67.14734110000063,130.55650416665307
attention@multiscale,multiscale,attention@512+attention@640+attention@768,0.1,104,99,0.9519230769230769,32,432,212,175,0.49074074074074076,67.14734110000063,130.55650416665307
attention@multiscale,multiscale,attention@512+attention@640+attention@768,0.14,104,98,0.9423076923076923,30,432,199,166,0.46064814814814814,67.14734110000063,130.55650416665307
attention@multiscale,multiscale,attention@512+attention@640+attention@768,0.2,104,98,0.9423076923076923,21,432,182,158,0.4212962962962963,67.14734110000063,130.55650416665307
attention@multiscale,multiscale,attention@512+attention@640+attention@768,0.25,104,97,0.9326923076923077,19,432,169,147,0.3912037037037037,67.14734110000063,130.55650416665307
attention@multiscale,multiscale,attention@512+attention@640+attention@768,0.3,104,96,0.9230769230769231,18,432,163,142,0.3773148148148148,67.14734110000063,130.55650416665307
attention@multiscale,multiscale,attention@512+attention@640+attention@768,0.36,104,93,0.8942307692307693,16,432,153,136,0.3541666666666667,67.14734110000063,130.55650416665307
attention@multiscale,multiscale,attention@512+attention@640+attention@768,0.4,104,93,0.8942307692307693,14,432,148,133,0.3425925925925926,67.14734110000063,130.55650416665307
attention@multiscale,multiscale,attention@512+attention@640+attention@768,0.5,104,90,0.8653846153846154,11,432,136,125,0.3148148148148148,67.14734110000063,130.55650416665307
attention@multiscale,multiscale,attention@512+attention@640+attention@768,0.6,104,83,0.7980769230769231,8,432,118,110,0.27314814814814814,67.14734110000063,130.55650416665307
ensemble@512,model_ensemble,baseline@512+attention@512,0.01,104,104,1.0,44,432,253,195,0.5856481481481481,23.799631000000772,39.72423425925079
ensemble@512,model_ensemble,baseline@512+attention@512,0.05,104,100,0.9615384615384616,26,432,205,173,0.47453703703703703,23.799631000000772,39.72423425925079
ensemble@512,model_ensemble,baseline@512+attention@512,0.1,104,99,0.9519230769230769,21,432,188,164,0.4351851851851852,23.799631000000772,39.72423425925079
ensemble@512,model_ensemble,baseline@512+attention@512,0.14,104,99,0.9519230769230769,19,432,182,160,0.4212962962962963,23.799631000000772,39.72423425925079
ensemble@512,model_ensemble,baseline@512+attention@512,0.2,104,95,0.9134615384615384,14,432,166,149,0.38425925925925924,23.799631000000772,39.72423425925079
ensemble@512,model_ensemble,baseline@512+attention@512,0.25,104,93,0.8942307692307693,14,432,161,144,0.3726851851851852,23.799631000000772,39.72423425925079
ensemble@512,model_ensemble,baseline@512+attention@512,0.3,104,92,0.8846153846153846,14,432,155,138,0.3587962962962963,23.799631000000772,39.72423425925079
ensemble@512,model_ensemble,baseline@512+attention@512,0.36,104,90,0.8653846153846154,13,432,149,133,0.3449074074074074,23.799631000000772,39.72423425925079
ensemble@512,model_ensemble,baseline@512+attention@512,0.4,104,86,0.8269230769230769,13,432,141,125,0.3263888888888889,23.799631000000772,39.72423425925079
ensemble@512,model_ensemble,baseline@512+attention@512,0.5,104,83,0.7980769230769231,12,432,126,113,0.2916666666666667,23.799631000000772,39.72423425925079
ensemble@512,model_ensemble,baseline@512+attention@512,0.6,104,75,0.7211538461538461,11,432,111,99,0.2569444444444444,23.799631000000772,39.72423425925079
ensemble@640,model_ensemble,baseline@640+attention@640,0.01,104,104,1.0,42,432,273,211,0.6319444444444444,34.8852083999991,65.03078333333355
ensemble@640,model_ensemble,baseline@640+attention@640,0.05,104,101,0.9711538461538461,32,432,215,177,0.4976851851851852,34.8852083999991,65.03078333333355
ensemble@640,model_ensemble,baseline@640+attention@640,0.1,104,101,0.9711538461538461,26,432,200,170,0.46296296296296297,34.8852083999991,65.03078333333355
ensemble@640,model_ensemble,baseline@640+attention@640,0.14,104,101,0.9711538461538461,23,432,185,160,0.42824074074074076,34.8852083999991,65.03078333333355
ensemble@640,model_ensemble,baseline@640+attention@640,0.2,104,100,0.9615384615384616,19,432,178,157,0.41203703703703703,34.8852083999991,65.03078333333355
ensemble@640,model_ensemble,baseline@640+attention@640,0.25,104,100,0.9615384615384616,16,432,170,152,0.39351851851851855,34.8852083999991,65.03078333333355
ensemble@640,model_ensemble,baseline@640+attention@640,0.3,104,97,0.9326923076923077,13,432,157,142,0.36342592592592593,34.8852083999991,65.03078333333355
ensemble@640,model_ensemble,baseline@640+attention@640,0.36,104,91,0.875,12,432,146,132,0.33796296296296297,34.8852083999991,65.03078333333355
ensemble@640,model_ensemble,baseline@640+attention@640,0.4,104,89,0.8557692307692307,10,432,137,126,0.31712962962962965,34.8852083999991,65.03078333333355
ensemble@640,model_ensemble,baseline@640+attention@640,0.5,104,82,0.7884615384615384,9,432,122,113,0.2824074074074074,34.8852083999991,65.03078333333355
ensemble@640,model_ensemble,baseline@640+attention@640,0.6,104,76,0.7307692307692307,8,432,109,101,0.2523148148148148,34.8852083999991,65.03078333333355
ensemble@768,model_ensemble,baseline@768+attention@768,0.01,104,104,1.0,52,432,291,216,0.6736111111111112,50.56312230000094,98.15283726849371
ensemble@768,model_ensemble,baseline@768+attention@768,0.05,104,102,0.9807692307692307,36,432,239,197,0.5532407407407407,50.56312230000094,98.15283726849371
ensemble@768,model_ensemble,baseline@768+attention@768,0.1,104,100,0.9615384615384616,29,432,215,182,0.4976851851851852,50.56312230000094,98.15283726849371
ensemble@768,model_ensemble,baseline@768+attention@768,0.14,104,99,0.9519230769230769,27,432,200,171,0.46296296296296297,50.56312230000094,98.15283726849371
ensemble@768,model_ensemble,baseline@768+attention@768,0.2,104,97,0.9326923076923077,22,432,184,160,0.42592592592592593,50.56312230000094,98.15283726849371
ensemble@768,model_ensemble,baseline@768+attention@768,0.25,104,97,0.9326923076923077,19,432,175,154,0.4050925925925926,50.56312230000094,98.15283726849371
ensemble@768,model_ensemble,baseline@768+attention@768,0.3,104,95,0.9134615384615384,18,432,168,148,0.3888888888888889,50.56312230000094,98.15283726849371
ensemble@768,model_ensemble,baseline@768+attention@768,0.36,104,92,0.8846153846153846,17,432,156,137,0.3611111111111111,50.56312230000094,98.15283726849371
ensemble@768,model_ensemble,baseline@768+attention@768,0.4,104,91,0.875,16,432,149,131,0.3449074074074074,50.56312230000094,98.15283726849371
ensemble@768,model_ensemble,baseline@768+attention@768,0.5,104,84,0.8076923076923077,13,432,134,119,0.3101851851851852,50.56312230000094,98.15283726849371
ensemble@768,model_ensemble,baseline@768+attention@768,0.6,104,77,0.7403846153846154,9,432,115,105,0.2662037037037037,50.56312230000094,98.15283726849371
ensemble@multiscale,full_ensemble,baseline@512+baseline@640+baseline@768+attention@512+attention@640+attention@768,0.01,104,104,1.0,54,432,318,228,0.7361111111111112,109.24796170000081,202.90785486107805
ensemble@multiscale,full_ensemble,baseline@512+baseline@640+baseline@768+attention@512+attention@640+attention@768,0.05,104,103,0.9903846153846154,44,432,261,203,0.6041666666666666,109.24796170000081,202.90785486107805
ensemble@multiscale,full_ensemble,baseline@512+baseline@640+baseline@768+attention@512+attention@640+attention@768,0.1,104,102,0.9807692307692307,36,432,235,192,0.5439814814814815,109.24796170000081,202.90785486107805
ensemble@multiscale,full_ensemble,baseline@512+baseline@640+baseline@768+attention@512+attention@640+attention@768,0.14,104,102,0.9807692307692307,34,432,221,183,0.5115740740740741,109.24796170000081,202.90785486107805
ensemble@multiscale,full_ensemble,baseline@512+baseline@640+baseline@768+attention@512+attention@640+attention@768,0.2,104,101,0.9711538461538461,29,432,206,174,0.47685185185185186,109.24796170000081,202.90785486107805
ensemble@multiscale,full_ensemble,baseline@512+baseline@640+baseline@768+attention@512+attention@640+attention@768,0.25,104,101,0.9711538461538461,24,432,194,167,0.44907407407407407,109.24796170000081,202.90785486107805
ensemble@multiscale,full_ensemble,baseline@512+baseline@640+baseline@768+attention@512+attention@640+attention@768,0.3,104,101,0.9711538461538461,23,432,188,162,0.4351851851851852,109.24796170000081,202.90785486107805
ensemble@multiscale,full_ensemble,baseline@512+baseline@640+baseline@768+attention@512+attention@640+attention@768,0.36,104,100,0.9615384615384616,22,432,182,157,0.4212962962962963,109.24796170000081,202.90785486107805
ensemble@multiscale,full_ensemble,baseline@512+baseline@640+baseline@768+attention@512+attention@640+attention@768,0.4,104,100,0.9615384615384616,19,432,174,152,0.4027777777777778,109.24796170000081,202.90785486107805
ensemble@multiscale,full_ensemble,baseline@512+baseline@640+baseline@768+attention@512+attention@640+attention@768,0.5,104,99,0.9519230769230769,15,432,162,145,0.375,109.24796170000081,202.90785486107805
ensemble@multiscale,full_ensemble,baseline@512+baseline@640+baseline@768+attention@512+attention@640+attention@768,0.6,104,95,0.9134615384615384,11,432,147,134,0.3402777777777778,109.24796170000081,202.90785486107805
