image,truth_has_chirp,primary_confidence,secondary_confidence,secondary_invoked,cascade_confidence
070ccd829e1b674d7cae3108a9cd0118_png.rf.b1fcfd381e4b0694be0d3e93dd2a3596,True,0.9365234375,0.93896484375,False,0.9365234375
123381dcf14a08773415e54726033389_png.rf.77a891d0ef67efd99a3ed19d66776b70,True,0.94921875,0.91796875,False,0.94921875
1238186348_6a49374c70b6af9acaaac63b13abb34c_0_L1_png.rf.c9f60487b4f631c0e73f1114ccba18cc,False,0.0,0.0,True,0.0
1238292268_ce05f64c35d43d94e8b67ba29c1ce350_0_L1_png.rf.9166ec34e037ed8e6622a0f7b3cb936a,True,0.93017578125,0.445556640625,False,0.93017578125
1238292268_d13568b1b10496554549a834e75cc405_0_L1_png.rf.2b5c431ebe368d8ab5a4b4f1f7de2c12,True,0.71240234375,0.8564453125,False,0.71240234375
1238897289_565e8dcf4282cd6c61d15fe4ae1f71d8_1_L1_png.rf.f5315bc6df3db3707dd5606fec3aab50,True,0.9541015625,0.97265625,False,0.9541015625
1239091942_3392409c1ae12736af2b1b7729ab4089_0_L1_png.rf.46fa31a67816992e8088a30d57453c61,True,0.87646484375,0.401611328125,False,0.87646484375
1239772630_97e5a47184e1e14c6df50b9821402edb_0_L1_png.rf.ba7024ee6d19289ca4a43af346249b48,False,0.13525390625,0.050048828125,True,0.13525390625
1240356766_3520d13cf7dec4d22e23b2450a37569c_0_L1_png.rf.586f9ce9adcdaa3b8a37dd432f384605,True,0.90966796875,0.09271240234375,False,0.90966796875
1240664224_ed2038e3e501f8f7cfd6c4d0227416c3_1_L1_png.rf.8fb44e03d16527c2c4fdb3ddc2c545da,True,0.64697265625,0.8662109375,False,0.64697265625
1240823291_540634d937d63447304789f847406094_0_L1_png.rf.7d06e8ea934cf79e3053c240533bca46,True,0.9482421875,0.80419921875,False,0.9482421875
1240825843_65ad02a49357d0f04214952c37af826b_1_L1_png.rf.2fbb0daf35b96de539e51004caff0488,True,0.806640625,0.0869140625,False,0.806640625
1240827860_33ca3573dc924b6f6cfb0e66266d8642_1_L1_png.rf.1b08f301ff704aec6f9b02566528d0c2,True,0.94580078125,0.90185546875,False,0.94580078125
1240885077_a76dd5d1579630f63bebccb1fe721fab_0_L1_png.rf.2ec5a7d31b20dd023773954ca23af585,True,0.95361328125,0.95458984375,False,0.95361328125
1241080112_bfc9eb1470bea0fdefe2230bf2c615ee_1_L1_png.rf.f2aafcfd9c194208839554a1a485fcaf,True,0.84033203125,0.21533203125,False,0.84033203125
1241423336_d3864f24677bf6f438ff0fbaf53d0e64_0_L1_png.rf.f9a421f8f98160d372555eced95399f1,True,0.625,0.74853515625,False,0.625
1241671814_6134ddd5c0cdc3e9440da009c858837e_0_L1_png.rf.b559615ffeed43d03e2a1e369c2f3be5,True,0.96142578125,0.65673828125,False,0.96142578125
1242021150_525e909a0d3def0c2f9b85ccffe129f1_1_L1_png.rf.bc970e402319e5cfbed8bf9fb7cea39c,True,0.87646484375,0.796875,False,0.87646484375
1242073186_2f7e5b50e2be80abd3bc2f135e0e7ace_0_L1_png.rf.64290a33d03b65e1a19873504699a681,True,0.75,0.206298828125,False,0.75
1242093170_50f9a6df62b99b58d91a0a32dc366f0f_1_L1_png.rf.5e1389b8eb0b5a2159cbdc7c7867c6d8,False,0.67138671875,0.51953125,False,0.67138671875
1243004564_4dca1a53d92a9485cb395fe9ddfcc0f0_1_L1_png.rf.25653924f26da8cd1fc3e0ed3d8a249a,False,0.9404296875,0.0,False,0.9404296875
1243123310_89a18fd612684b7327ff2e35385bb2f9_0_L1_png.rf.ad1c99fcdcc4263c033ea355710b4452,True,0.68994140625,0.794921875,False,0.68994140625
1243349549_L1_png.rf.2051964bc319d1ee67f820cff25f2fb2,False,0.0,0.0,True,0.0
1243452975_032dcc00a5a1001b197eb4b11814685b_0_L1_png.rf.9b5d38d312f80190c16d41b27704513f,True,0.92822265625,0.6533203125,False,0.92822265625
1243554740_89a18fd612684b7327ff2e35385bb2f9_0_L1_png.rf.e774b0fcee7acbfd9eb4c59b16ac937c,True,0.90478515625,0.90966796875,False,0.90478515625
1243612546_L1_png.rf.324d3ddf71f126925fd0fd36afb47bb6,False,0.0,0.0,True,0.0
1243638099_c181ee11a785e82fcf514221964ec539_0_L1_png.rf.57fc2ecf710d38478aca4001037a662e,False,0.0,0.0,True,0.0
1243724377_97e5a47184e1e14c6df50b9821402edb_0_L1_png.rf.e45c067de306f569deb9800fd0c71268,False,0.0,0.25537109375,True,0.25537109375
1243888133_6de9ebbdd9ef7b03231b633c1c4a8d4a_1_L1_png.rf.e5bc616d3f162f79370329bca1eab075,True,0.0,0.0235595703125,True,0.0235595703125
1244229386_204272be351f92a3efd2b8221cf30eef_1_L1_png.rf.80e83b6f11808a4fc76eab461d4789f8,True,0.9384765625,0.94482421875,False,0.9384765625
1245084130_39177adcfd97b5afb549ea61bef1aa97_1_L1_png.rf.5642f35d96be33f79213071be6860d89,False,0.0,0.0,True,0.0
1245574422_b3f30a7ed1aeec18c853304e75ccc5ca_1_L1_png.rf.9a429b13c4de23ae1026378ba5651b0d,True,0.953125,0.92724609375,False,0.953125
1245892569_b296dfa6ef06e176e54a62b5bc52b9eb_1_L1_png.rf.6df0f98ce747baddb1df816a03b0e6c4,True,0.66650390625,0.541015625,False,0.66650390625
1246057752_6d5142fde7e42825766338fb00c928d6_1_L1_png.rf.92d9b4098583987c7e32d9035d176b8d,True,0.302490234375,0.0289764404296875,False,0.302490234375
1246681049_2f74344ad19da0eb470599ad39cba422_0_L1_png.rf.14cab2a757f6d3060506e6d08ed0bd04,False,0.0,0.0,True,0.0
1246832890_f7cf8594dcfd9d3f0705dbd3ddc3d50c_1_L1_png.rf.6999cbefb7a2a5d9297bb933b78437fb,False,0.0,0.0,True,0.0
1248814775_11b58342547245397d8f0d5296ab116a_0_L1_png.rf.9581d997bf4051d2b2a32a752ceb08b4,True,0.95751953125,0.83447265625,False,0.95751953125
1249172343_7e594334caa2b15cf0b9f1f426a22a6a_1_L1_png.rf.25760493c43737f0c8056caea518945b,False,0.06622314453125,0.357666015625,True,0.357666015625
1249349972_15bef935bee495663d6372366ed47c1c_0_L1_png.rf.5913c1d6ec03d558179b85c470cfc5d8,True,0.9375,0.90576171875,False,0.9375
1249547191_9ad5648aebdfeaf6791b466a5e16ce41_1_L1_png.rf.3b707870bafd51c50320832ebe83182d,True,0.9658203125,0.9638671875,False,0.9658203125
1249618580_def6bd39b9a44cd065c913c306ee5d20_0_L1_png.rf.d28172bcfd4dc15cfd17b90757172322,True,0.93212890625,0.56103515625,False,0.93212890625
1249674657_L1_png.rf.fbcdc673f6b06799383fb9a32c67a192,False,0.0,0.0,True,0.0
1249691361_9ad5648aebdfeaf6791b466a5e16ce41_1_L1_png.rf.7ddb7d80a6db0471d6ec6a72b55b380e,True,0.9501953125,0.56982421875,False,0.9501953125
1250025819_731f509fdbe8dac9aab1badf27753e94_0_L1_png.rf.af6eb4866ce3ebca8c1bce73efde1b73,True,0.83642578125,0.87255859375,False,0.83642578125
1250702734_dc84f5d85d1452f0c4c7359c0764c243_0_L1-1-_png.rf.7c2a8ebb4c8f49b04ab663f59e1a65ba,True,0.630859375,0.0231475830078125,False,0.630859375
1250702734_dc84f5d85d1452f0c4c7359c0764c243_0_L1_png.rf.0ec53fbfe6358c3a95c9d3193d5fa0e3,True,0.85888671875,0.849609375,False,0.85888671875
1252338362_6aefa1c698b6a47134761973e6adbaba_1_L1_png.rf.5653af0eac9c1bc7ef35c6f9b7179c13,True,0.96630859375,0.84375,False,0.96630859375
1252344024_b9b03190936db6a928c388da119929c6_0_L1_png.rf.165f43b2d125cda5e85e01968aa9a351,True,0.95166015625,0.83349609375,False,0.95166015625
1253534046_bfc9eb1470bea0fdefe2230bf2c615ee_0_L1_png.rf.1cb00fd79da1f6015b32e9588ce4136d,True,0.94189453125,0.94580078125,False,0.94189453125
1253828953_12207a4cacf9a2bb5575460c1db5bafd_1_L1_png.rf.88c6c5746792793db160b187841f277d,True,0.9345703125,0.127685546875,False,0.9345703125
1257681302_2f7e5b50e2be80abd3bc2f135e0e7ace_0_L1_png.rf.e13bc1a4e844aecbe807bd26752954ad,True,0.89501953125,0.1456298828125,False,0.89501953125
1262400308_fd707cc7f8093c2cd23fa26b0ea8ab85_0_L1_png.rf.4d9ed2d6c45fa799de4eff92e5a6fa93,True,0.9443359375,0.4814453125,False,0.9443359375
1707c310_png.rf.6a8a72542ca7d32d60a42c5f87acd65d,True,0.92138671875,0.97509765625,False,0.92138671875
1fd8fcbd6f87dbb2011b5ec929111100_png.rf.2a4034fb4d2df4c618b06bcfcff8d910,True,0.9541015625,0.9189453125,False,0.9541015625
22e45beb5f298e127419c05bef9eadad_png.rf.cba283964658eaedee3f0f5a6c5f9072,True,0.93310546875,0.5947265625,False,0.93310546875
2b6f1d9f_png.rf.6c61fc14039776a083eecb33855ccc5f,True,0.9072265625,0.95654296875,False,0.9072265625
3e26a45eba465379a8198ff0d3b8c5ee_png.rf.c30d913bacb9d55f4eed3c2fe53c898c,True,0.939453125,0.9560546875,False,0.939453125
4a24fb1ba9e2d26d7e48d05de5d2bbdb_png.rf.218f2e9b62a1429c9848f5417ad29860,True,0.291015625,0.93505859375,False,0.291015625
4aac7a8e_png.rf.73695942e0406190df72ba302abc1493,True,0.916015625,0.958984375,False,0.916015625
51a3bd669bcf7c81755f369cc6f0f370_png.rf.e6a58cac0a6488528a30a285d7b77cb9,True,0.7890625,0.962890625,False,0.7890625
527ae09a7e687e3867d3a38ae142aff1_png.rf.cd299e0f27909d427dcc33b1720af94f,True,0.72021484375,0.513671875,False,0.72021484375
5aea57d773c83116751e995f821a4453_png.rf.c8e543824e19d014d4c1f090ff7c91a1,True,0.798828125,0.95263671875,False,0.798828125
5e98ad63_png.rf.540c3019eea45c943e417db5249ead91,True,0.9091796875,0.94775390625,False,0.9091796875
7041ecd848811f5a7c71ec58e59533a5_png.rf.98ac10a7e47f72c6fe64030675116bca,True,0.896484375,0.931640625,False,0.896484375
74c6715d14bfbfe3260ad376041464ff_png.rf.e510ee58196d794e88bc1691fcd1efa0,True,0.69287109375,0.92822265625,False,0.69287109375
78730284_png.rf.fe9cefd172255d601c765fea7cd49cfe,True,0.90625,0.78125,False,0.90625
860a05dafbe77520d21f517538e9d928_png.rf.f769508dc1249fac1c3fa40a9c31aeba,True,0.9501953125,0.94091796875,False,0.9501953125
9a3c8d6d78ad7fc6794c912cf5a66bde_png.rf.2d28f4b57d73ad28d47e700ef1e93fa6,True,0.93017578125,0.87255859375,False,0.93017578125
ab5b8845_png.rf.1c787064dd0f0dd708e8a9db9c87aa03,True,0.7919921875,0.93603515625,False,0.7919921875
ac4b1267_png.rf.6302e1abad1977cd8816ff80234aed0d,True,0.72119140625,0.8291015625,False,0.72119140625
ada41f42_png.rf.4ae933bea491e5202ce27472968c6dbe,True,0.9013671875,0.77587890625,False,0.9013671875
bns_ext_loud_0d23041fccf7c7cca2d4fb99bd9266b8_png.rf.3e6b97983675ebf0438617c5b4f79bfe,True,0.94091796875,0.978515625,False,0.94091796875
bns_ext_loud_146d4d972dd6345c4469dbe22aa813ac_png.rf.7d84931e6b295c8f4a1088a79c90beb3,True,0.93603515625,0.4921875,False,0.93603515625
bns_ext_loud_41b358736802c7169f3d3a8a03dae513_png.rf.d323b38e5801988f21b9e5d3d7fa3e3b,True,0.96142578125,0.57568359375,False,0.96142578125
bns_ext_loud_66b1a189f88767ace9e6a4cf9171b00f_png.rf.aeb05d5d8b5b55a7755397fe4df093b6,False,0.88330078125,0.06097412109375,False,0.88330078125
bns_ext_loud_739067120ebb840965aeae991fb72bcd_png.rf.be1f67e0fe6694a67d5ee7731d561011,True,0.93798828125,0.9677734375,False,0.93798828125
bns_ext_loud_bd238c1a1b3f54ce0d2d09ef1d257e5f_png.rf.1ebb7717fa3bb323ce7af0f70ade4d6f,True,0.9248046875,0.250244140625,False,0.9248046875
bns_ext_loud_e60fe2f1cd96f29e9f44fe18a2db9ff2_png.rf.51ec4a52f0e327c39a5d947e6c45b6c6,True,0.943359375,0.445556640625,False,0.943359375
c0e01d7fe51596d80c1ca92c036a376c_png.rf.57f631565124f96ea0f109e786135b43,True,0.92578125,0.32080078125,False,0.92578125
cc19ffa1_png.rf.6b34589eea214ba75ce00cb317f98bda,True,0.8857421875,0.72802734375,False,0.8857421875
d0dbf475_png.rf.f2b0702e228cb612f4a969731f008367,True,0.9130859375,0.9609375,False,0.9130859375
d7cb1250_png.rf.11924da92a1a14de1e1512bdc01c0986,True,0.1961669921875,0.51953125,True,0.51953125
ebd4a1b6364169733cc4e1a42a66fee4_png.rf.56fff54587ff6bec667b008020c3413b,True,0.728515625,0.46484375,False,0.728515625
